cluster_no,longitude,latitude,BusinessAcceptsCreditCards,BusinessAcceptsBitcoin,BikeParking,Ambience,ByAppointmentOnly,WiFi,RestaurantsDelivery,GoodForKids,HappyHour,Smoking,Alcohol,parking,DogsAllowed,HasTV,OutdoorSeating,WheelchairAccessible,RestaurantsTakeOut,RestaurantsReservations,RestaurantsTableService,DriveThru,Cuisines,stars.x,review_id,stars.y,date,useful.x,type.x,cool.x,funny.x,useful.y,compliment_photos,compliment_list,compliment_funny,compliment_plain,review_count,elite,fans,type.y,compliment_note,funny.y,compliment_writer,compliment_cute,average_stars,compliment_more,friends,compliment_hot,cool.y,compliment_profile,compliment_cool,X53
1,-81.64461,41.39413,Yes,No,Yes,casual,No,Yes,No,Yes,Yes,No,full_bar,No,No,Yes,Yes,Yes,Yes,No,Yes,No,"['Deli', 'American', 'Bar']",4,#NAME?,4,3/18/2015,1,review,0,1 0,0,0,0,0,0,3,[u'None'],0,user,0,0,0,0,4,0,[u'None'],0,0,0,0,NA
2,-115.22625,36.08653,Yes,No,Yes,casual,No,Yes,No,Yes,No,No,No,No,No,Yes,No,Yes,Yes,No,Yes,No,"['Deli', 'Burgers', 'American']",4.5,#NAME?,5,4/20/2015,0,review,0,1 0,0,0,0,0,0,4,[u'None'],0,user,0,0,0,0,5,0,[u'None'],0,0,0,0,NA
3,-115.14064,36.16788,Yes,No,Yes,hipster,No,Yes,No,No,No,No,full_bar,No,No,No,Yes,Yes,Yes,No,Yes,No,"['Bar', 'Salad Bar', 'Tapas Bar', 'Seafood', 'Burgers', 'American']",4.5,#NAME?,5,1/9/2017,0,review,0,1 0,0,0,0,0,0,1,[u'None'],0,user,0,0,0,0,5,0,[u'None'],0,0,0,0,NA
4,-115.17387,36.10975,Yes,No,No,casual,No,Yes,No,Yes,Yes,No,full_bar,Yes,No,Yes,No,Yes,Yes,Yes,Yes,No,"['Burgers', 'American', 'Bar']",4,_L18v5ZgAdKu-Fo85xvBbg,4,11/15/2016,1,review,1,1 1,0,0,0,0,0,4,[u'None'],0,user,0,0,0,0,3.68,0,"[u'-9I98YbNQnLdAmcYfb324Q', u'eYpvidSKjNV7iiUeT0gM9g', u'8xiboT6AF6X0MtBoeXqkSA', u'LpWFQDsv4B9tOtUwi3Y5FQ', u'KqgHSTKL7KcXr8Svai6aTQ', u'hmpQlnMVqyqUiRWJLD9IZw', u'eZZrBnRbULqXJKx1s46Cbg', u'i0rFzE_mSfLVQJqVWnWZzw', u'Y2sxi9Kc4tc7WvB_idxjAA', u'KJjSIzNu4pEldeLUyNa_6Q', u'JgaFu2I8SR14CWxc61HsWw', u'Qm4Htb1YI8l9zl929CrDFw', u'1RbpM5nSgfADKeYX2gIPWA', u'NsfDi3M_XwkP_Tlmqvq1Gg', u'JLW2uULP_Q1KXHhToNljcQ', u'RbUl1GbJ8c10xZwnYhWqpA', u'rrfUx7-62zHUoCUMkk4hFg', u'PnmAmyffgn6Pbpi4x-DamQ', u'eY8OJlUTF6gsD-CXzntCyw', u'pE243-ZVWO_22w3mIy_YUw', u'MD9C0WEvVdRJNMN70SD08w', u'uw4hqYj64A-vHmxltwJ6cA', u'fcA6BqVXtjPFZM1Hyp7w7A', u'f8_8vqTidamoUmklP_DOrA', u'S963s1wq_FPWcf5kxqEPKQ', u'W5c2LF7xxvav1kpOdZ9Fzw', u'YboMA2vh7LHfhiTwgyZnXA', u'p4UcEYTLJyh96o1R8wrJaQ', u'oCiKatqmLk2R8809l6QVnw', u'ARaZuGHQV2ON-1IwSDvZpQ', u'KDdMqgDmufFlrp_H11IpqA', u'W7DHyQlY_kXls2iXt-_2Ag', u'1_vPfa6pCnp0g8tPPotFqg', u'AbMjnKOwg736fcIu8apuyQ', u'gLVY3dsR8YwfU42EKIpFZw', u'1jjgKeLb-x2VS9_WzxU1NQ', u'0gjhJz1pS47DfOmvL_9Ixw', u'f_1bRw8RuK-zZAKuUMTqNw', u'YKe0HtNiw8Kz1VElrkgdpQ', u'0x9xu_b0Ct_6hG6jaxpztw', u'C_gMsPuMXP-1-LMtO6gyJg', u'-8EnCioUmDygAbsYZmTeRQ', u'XMmAJfiKPkXTZGs5QIwycA', u'ORrOeVAg9lLlSIJUKttNKQ', u'QICR73qrZH4DGsfN_N6IBw', u'Y6_r0FeH6rKnIHRTEH7kzw', u'BnlGe14FgUmpmBAKcklBkg', u'ax560VCtANHxZZWfLJrZwA', u'vtcc-V2ctz-OBpsx_Rt9Cg', u'HlsNzqmIaTYGXTB-pzoQRg', u'WDpvs6U_TCx4799oxXcnag', u'mHVqv8kwfEmhdMJG7Dbf-A', u'x5TeM2wxFJIktX2StypNxg', u'1Y0GvvB4JCI39qTG549yZw', u'W7DI4hNfWCw1ymJh98plhA', u'RL2fV7JSCkRJyFUUz1qqsw', u'rvXXTD-_rbLu5mLDTTQcRQ', u'EM_2d3s6xmDgwcLFGhDEzw', u'txdQD4xVXL8AKv1yO3guzw', u'nRCW9z7Jyi0MRWvseKtfkg', u'GYHggsma_4TkjcgpP6nPRQ', u'EmvmldciNr2tHnCZ6DoOvQ', u'ogzTW-w0hw0bNPwYk6RghQ', u'jJY4p3MOzxRxxVWQhVCE2A', u'aw0qqD91R458oqnjjV299Q', u'8DEyKVyplnOcSKx39vatbg', u'OFo31gevhBALlsWB_AuEAg', u'U1W_KWf3sDh6aaBsjmDH7g', u'RBTpWX9VA8qRp0x1eHoT1A', u'YIIDR-aXntUfKEFdHWcGxw', u'J1aurUGR360LS7GRnuW5PA', u'QNfNB6InG2TY48uD7hbIgg', u'J6EiCl_yemcOmTINAKFDMw', u'xIkkB95hjhitqiHfD9yv1Q', u'_Y78pQBEqGJAgQoE7twBOg', u'cnnIe3mbtGqgVIsRMbLgTQ', u'7inj-fxg7hIPY1S2G9JaAg', u'rD2cVcP4YPCSjMR5-eqMjA', u'0_F9CqmQr80sH2o0rZCHFw', u'jjHMbNsNYV3sQ13bh4lOCw', u'1Xyv3uAbX06j7FOB7-UIVw', u'4dDAPliSaZd1LJOIMtqhrA', u'7wsfLJnewiploRalrXXV7g', u'MvI54-mXNdG_6yIgzPuoUg', u'JV_6hkIYwk27uUgXJ0wCaA', u'WzKbVgrtcBLlFFnwzFI9Dg', u'mXsnlkQAl9_MZY7h-F102A', u'vyz5nGEA3eFfxjH2TZfhTQ', u'VbVjkDYXMzRzRur8_q5GUA', u'muK3bAO2dRwP79SBnppQ5g', u'zYhybsKtX4QBJNOO0azNBA', u'doqjzWCz8eXnDh4gDh3o8A', u'rTEGgW7qH0lEBzgo6Snujw', u'F4F_gV4o4eXLIcLBHxemRQ', u'f60fFNKbggwEPg20XO_imA', u'I2qJvA0tbGdZJ3XrwzwfzA', u'daFmmMy1Jy1d6sVqMWSZgA', u'TATUgYWFGeA1B3NKV3Xz1Q', u'Mh6LDhcrT4gxjpdw8tgw9A', u'CAfu4PwsT5GVGr7Oy-Vkgw', u'FXPeKyHxE9h9hYAmmub1jg', u'X3Q9pFFf9_5TuG7HWDdk0A', u'MiDcQ-bgIg4B91reFV4Qaw', u'OmJFxyx7bL-2W4W8c-sZ7A', u'EYxLFVpjybgMPyj6Q4KXAA', u'x87YwbwXudevxpebH7ty4A', u'QdfFtp430K_-BP1GTPNnDg', u'zOMqVeIYs23xjxBq-6xJ9A', u'vCuoakBALCbi0r3ydg6l9w', u'3nDUQBjKyVor5wV0reJChg', u'23J4vG9_xxxdnmi8CBX7Ng', u'8oiau2kbSJKzBrNhikQeKA', u'xmlavPavrReDSTKaQ8Mw8g', u'hLNayQpPYyH6ivYkuLofhA', u'zOrZ__FkCgY99LuU6TKivA', u'RltxaRS89a5jtGW2KniNKQ', u'bxoXR5JnwDK0FcrF6NULtA', u'rPbbZQHAl2C2oqg0mGCujw', u'9aZHc9ieIAZu1m7108EPOw', u'B0uhDJgPoY8EQf4bK2Gxhg', u'xSmJ4WZCxnLePHIM95ZhcQ', u'_KDforIDsQS6bIaJi0_V0g', u'_FGJya6t-Pps9EnnCeCu6w', u'dzxi6oMPREyVVFbgVbEflg', u'LRrZVD0srZaffKSYBRaPYw', u'T7ofaWLiOWOSROLqEnMFag', u'NAVcjWhzqyaLtPbuBIP5Tg', u'7RLTk4rftgaUIDSau7RLTA', u'QDejMpZPkEpVo9mwHrcTHw', u'o4sTqchhiddFSodOqe_ccw', u'NVndhVfffw7ScRKviRdRYw', u'Db80SCez0BdYaHdC0xmzoQ', u'veoJj_XlZeNGJIJy_b1N7A', u'7sBZaqo57glRsFlWwuXnaA', u'YlbqBvCs1LtQ1ixw1XYRYg', u'Azkt7v-m9iBLjMZtCMxorg', u'oLjZUwlSZSQW3MYhoXT8PQ', u'9wdfZc6fBqeEjp9xur9MEg', u'XB1rCpZ4qHUV5KQFcCcUxg', u'oH3f5QEAllJWzFtwKgG0QA', u'6RmQrbINxXfLztb9x4IZBw', u'G4mYB6MJEogLAW2bxefoKA', u'6f2hSOlMvwh2wOZV-utplA', u'mqrGAy9kyFXLYxu8WS8zsQ', u'xokPrMgye1uMVIeAxw0PuQ', u'i5ZP-ziofPyERkDd96pZNA', u'u6Owu5WB_exZO4CRdX876A', u'tZS_cz7Xs5CX54c1Hu8mkA', u'VdGROLLl2il5-gXmdKkUMQ', u'M5qRDywWpobgjURogQSPng', u'f88Es_GIhOE7W_xaJd5wwA', u'VrK6rT-on0HuhPINykRlvg', u'i0cwI65J3hiz_QJd6QiN9w', u'P6_r7O8zEjnxTSBkS6WYfg', u'w-w-k-QXosIKQ8HQVwU6IQ', u'C7Vo14RpRTG5Bc84l4q6DQ', u'KrZ4MiRRrdpVHc_Tr_vzNQ', u'scb7Z1E2TqphdocSak6www', u'Fg56uyXwAKAfrq8MW6Xnrw', u'A3eAIFfkvfudRM9QeEaIJw', u'WhTgNIPCVRx7kazo4a29bQ', u'_d72cg3TXeVP1T5Mk_P-RA', u'zVyUmpg2Q51vXAGoAsYyQQ', u'JmZpgxfzVnmfyBKaPGD5wQ', u'hI2loH7kDzDCBkJjPNKsFA', u'QTj11G4F9CbYQ7tKhnYCSQ', u'LFaLUbrPjZlB6FTIIDRBrA', u'wmGgaZp6x54XbiSsZjN3AQ', u'w40aqRQmpqg4MLWIIV-0NQ', u'wQ6ewiuzFgG7R3AjeSn8tw', u'3ZVL-kkYKLJY_E5xK9a6eg', u'p4gV7WhcU-ELtL4uc3epQg', u'SRObOcSEr09-7t70crDWug', u'7S3vU29w9gwLvKSH5SnRrQ', u'iJebzXoVba1YOkaeMRlAJg', u'ZlGdc9OSy3S4a-jrApeRwQ', u'ZwPAhio0BUTcA0nqpbMBYQ', u'ODsM6-_BvHt6-cqNylJn7g', u'w-933OnWLSdJZxwYMD7FcA', u'-pSy6kQvSBKJd1NqCQ-PZA', u'FvnCTjiOaPUM3pPXtBB2PA', u'FMV4E9SRc3uvTYRaofKF0A', u'N58HvYUcbimUZo1UU6ACiw', u'nWxvB7rz4_FkG1ATKQuy5Q', u'1Ku2uUPmKfOl5YhXiSWsOQ', u'kpY5V5Wip7h4yStplezZ6Q', u'ZgZwsMBCIeBxa-LsnNxXzQ', u'KN3Ziu2TBUEBl6rHxHtf_Q', u'aqtKgCx4Ft0YPzSHIKwxyg', u'LPcK1_S1zVa8BTk85D5hnA', u'JPjX3R2BsGxf0CfkwGtmLw', u'Q4quWUh4onOe5jyDEFi5-A', u'6kIBOLCrv4HRQ8uX_HORBw', u'kiKyT3FN1H3d3jSTU5I3zg', u'b9AcRVEdDGqmioFMcSG_Jw', u'oj0STSQiLrPB6Rao04tdBg', u'BGMwKWOlEtW3HSj10DumKQ', u'ak0jYenosURg0q1SPC5nLw', u'0KueQxXgax9GlbZ0UNaGlg', u'mUMI4hQWWJb-RRP7l-uACQ', u'2NvTBSoJl12BCVTKVwAzIw', u'6HsWrBpxy3Sf38oQycEMmg', u'iYxyCLO_3YTPVYWbe8KrLg', u'NdjoKzQGdE49Ys8evMLKDw', u'SkvQ9vqrErixHZNEyqT6oA', u'Q7JH41Z1bjvOXUBdOhp3MA', u'lConjPFTZqz4zWELK_EJtw', u'GOm06gmRYt2Pckfmc2eZkA', u'PlNuPbD2fvf4d0VD1E9ljQ', u'tuFmPmxwkTAn2sPUQebHZA', u'YJmXfJ0sI0QSDAe-Ea8FEg', u'D6NsLsG5WxswkObyuCVvfA', u'TM1DFhMeZNozWrMn3CyXNA', u'GkEsEYFCJj_HDs2Q1A22zA', u'lN9-Lz-7AyN5lDapevVb3A', u'dobwUcYUESqWWTzgobfINw', u'Y8rJIHKWYQu-5TLxen5F_Q', u'8_ElYrPoiczy10aoRST7CQ', u'8Z3kcbaTUvAWJw4o5_Sk4A', u'fm0xACF6taSU7Jsz1CRJjg', u'Uut22qryf8qe-LqYbFxdVw', u'OMD-1tOG1BT3ZWVsMJAbXw', u'T-n9YthHCrfSXPKMNid3xA', u'V0Gd_BPYNtR8R-Iw4L8sDQ', u'rtbTBVtpQgUbk7nemufEKA', u'Y8yNzlGeNe97-vmekZ5sNA', u'a6oIleQwNh6OVxFBXzcE8w', u'o7Z8YI1xflYPk233-G9o6Q', u'peuxbSQwXed-81cSqL7Ykw', u'CEjs6bmu8tcGy5R83zAMBw', u'YNGMHrfdr-FQzcBu0lvRwA', u'C8NOnWfi_FU02TqBJzzjFQ', u'59GSwMflQFllOAWvw0F5mw', u'iIEWzikBabu5XXrNFX8RVQ', u'n2_n1lFActEYHSwmCOGupw', u'QHcASgSnlSpWIYqPA3zH9g', u'2Uu1hdistPUKmbquR7cVcw', u'NZtFNfHJB_hGwbdE2m9eLA', u'c-Dja5bexzEWBufNsHfRrQ', u'AnTjPr6luk1MNf2e19wGJQ', u'hKYOUS9jREXJJfJI0HenrA', u'5VYRcI3gn4coTPYr1szT6w', u'4RKq0POQ5jpToRkiiUvJLg', u'1GdHFA1yLrV8qgjs7duR_A', u'b5AX8Sob9c6zu_yuCfNYWQ', u'xyAaWFmDLbpDyzIy7EWJ0w', u'0dHZX1gTFawQumiZrVYtRQ', u'WhL1Zk7eUntjT9v6ZJfb2w', u'dqq1AfjcU8M4q76deZZSZg', u'DdxwAyaFFFpBvpAWwPD45w', u'UsAUtt9CggMWDNlpa91TeA', u'1iP4wiSOTEq-Z8sv31RxoA', u'jRJMvcCtOawuebkyE-LLwg', u'ZIOCmdFaMIF56FR-nWr_2A', u'uCdSBwTikg-jVyGvibI7SA', u'paNtPIcJtA_7TqwC8q27-g', u'1h1MRYreBxMKxQuJdvEHFQ', u'L2k36jTEpwmHheWePDQ_PQ', u'bVthsfeUU3Bd5AeJLqKT-w', u'1zcBlRlLxI8tSqKAh3NvFQ', u'5GSOpxdIxnnyVX3dB42fDQ', u'cdoCFZhTaJC7aE-VTCTNew', u'2AKSqSy5QEm4j5OCetG-nA', u'oGnUEFn4YFJqI41Jl7qEWQ', u'e-T8-w0en0VZ1EOIqIShxw', u'YWjSsusiU2-r8Y8l9fHF-g', u'Aw0x_dXz8rQbP6ZoYE8Y0g', u'KS7IZD9hC9TSM3QLGbas8Q', u'455VgOW32Op2r3LHQvbCIQ', u'AetbB5SON94n7Yy-dZiZOQ', u'_LlL9H_80eG4kOKVasVwtw', u'iBu9LEqssO_2KrGxdyphFg', u'zI4hbgy-8zXGRWAWz1t3mw', u'kkYa38Znjkh2H2UgFy5naA', u'nZpSxSHct3faGgonk0nmdw', u'epf1VZdUCCcAJxlCal-3EA', u'oyQj0jRHGbWWa-QRlc9WPg', u'6LmdYq-mhsaOXHjGh0lvQg', u'RZtJrW1WCN5rqN5WE0Egog', u'IzWYXfu3NVpacb_i7259qw', u'nuI_A5jkNK3k9c9UEf6RZw', u'6TKVrW5byD8pVPlF4dtUhg', u'XXklG3nIe3Y7iteShCZn9A', u'a5hyrWp6GuGteNxOW7yGsQ', u's55E-iE2AmQjUlmV2OwipQ', u'lGj7s42BJx_Xg7ZgaO_dmA', u'XZezlNat12HbWv8xRZjm6w', u'GO1_SF6z1a3otwSg2fbJrA', u'NBfOpbQeaUIVcjAJGoV94g', u'd_-ypwVYiP-DswClkAg8Iw', u'FS3evnagacpCaQrHPcdg_Q', u'52oH4DrRvzzl8wh5UXyU0A', u'WdotxfTITHZF1K435-g9dw', u'xXFni1myxIQ-1n99R0bbvA', u'5oxmmEtn5l2cIg7gFtjyfg', u'1viBSnPQYHTNjd8VYthEqQ', u'YPOpCh-tncfbQutwdLpEmQ', u'WWWujmZ95y0a2RR5_kQ9sw', u'jtkXg-OITT1Wvq0jCpLudA', u'lxcymWadCFHiEudehmp_yQ', u'bGPaNsTLxN6n4kbQwCPkew', u'7J6Hb7VuTsJq50iiNwqvCg', u'w5UXK50gE0FDOM3bxR20BQ', u'D-Xsdu-s-Koaj1nEdvyv-Q', u'ij9nf_NRYp9NiVsax2VM-A', u'FxO2Djmc4Jexcn-tLcGG3w', u'9NXOh6CHlHDH27nijC8-lg', u'kOUzW4porPxN0n54Z0eHMQ', u'iu4xOu5KW5z77cmrJtFW4Q', u'rof9DyrMxiWY1NyQHtjeDA', u'vudhDh-TsP813wQtjnUtvg', u'1pgT-Eeh-GIOlhOgHMMRZA', u'vlNkAt4ep_BEuI8xtcgDiQ', u'G-03-OjZc4Z9iHaef0vpXw', u'pwEe7UbgOfy3bDW-rbu2XA', u'VerlG8XO9AjnlLV79-wacw', u'i2toOBcy1eJ-a5x8N1UXrw', u'I7iNdBxWQahFrW9eq70vtg', u'7Y3nJbTXHhCx2KbVO2Y9YA', u'yih3W3Msk3lOh6lIIjqYSg', u'TKzFASCz7GLGUcwO1QG2jA', u'8cxQEjGGUpBhnOof-cMMAw', u'Fofjh9Q67eWR-r46ctvvtw', u'vRjVhl3ONG2GfWY4NXJZbQ', u'ZpUI9ze0YlA6nMSHwx3ZYQ', u'aqs1fjYP4xzRy6QPynDSDQ', u'r5jDbpVVDMGYe9PUQyfGzg', u'xzm_Nn3kAuhAp7dz-j8h-w', u'YzBBk5dkjAHaVBNZldymnQ', u'CY3mJIVJLPL2dJlhSJnaEA', u'IZyx6NnmZeuwf2Bz2bPJPA', u'Iw9LtRwzTS31uWMQseOP6w', u'ikriQmRi33q7KUOLA6ztQw', u'mW8MkLll_9arRvWIRy0i5w', u'AekJJM_FaiTL3u5U0RStww', u'C7pAepcmA3GlqtjHVMOVsQ', u'TsCnI3yi7P-x165HrkEsiw', u'nh8xHcqaPv02byODGhAW4Q', u'c09dikfnSO4bHVZuuHbffA', u'S05NY_oZqxAVlS2OLkHmNQ', u'r6zCA77Y1BIa-bt_FT-5fQ', u'Dl7lvcr6G4eI9-4B6Hdk2A', u'cKbT3rI6yc4bXBLCOOATEA', u'e8liGo2BoadH7PDCnkUyMw', u'iJmqzL7pTdNkOUNT-SkyYA', u'9MF-l8xgyWN9dm2-r2mF9w', u'zM49PJs7biGhpTd8Ld7QJg', u'mvK1pv-x0Z5rP4Hz9cWBWw', u'axNnlrHB5xJqqFdTalLg-Q', u'-D766NIU8CpGyPN3BEBKVA', u'L01sjA8ajv8S18LMxi4JRg', u'YpnUl6mouZEf3Ajcv-hMRQ', u'4Hgt6v80Nx8xsZabnzRQmA', u'ults-qpnEpH2vjmBNYlrAw', u'Mqn0ms4csuvWtjCv6HStcA', u'qn-tSeAlL4gTJIOelmCb_g', u'Z81KhryzHu_HNvnjHg1aGg', u'Hgs_YvixLipaiv-bT9PC3g', u'3-t_uaPKVQQmOUAIu7C-PA', u'hZ1Ssvrc1WKVmYNQjgoanw', u'caICV2psm7OABEkikMx2vw', u'NbgCRcvxK4d1UKYqAwHzjQ', u'-b9ABx094kJZ4_TgBZEOjA', u'VHd4sgBq5sKSkvhg8ox8_g', u'ugbcM90uqiP_X3aL7X0NNw', u'IrbqlMaj3mKnTyPur7l-bg', u'rUV1FUhji5xMjNBpcq5SXg', u'nmdkHL2JKFx55T3nq5VziA', u'ejR3nI1F596zaATU_oEpYg', u'X8YO9O6XYZ0JwjGWXaJP2w', u'SdD3hqYJjZrYZnk0Hhyffw', u'OIWZNf9R8HLJyJoEkMs0WQ', u'Y6XH1iNsuuGAcO5nODI6rg', u'yMrUuZg_RbOL_hpwVTN1BQ', u'_fZsINTnoAbWBJK2Vs9gCw', u'UJWxYemn2n4YWwUjVpxLvQ', u'cKKFlrzU-uHCjXr1Pfo-uQ', u'z_7HWU9OKEDYjCDX_CsUFg', u'lCRntv4-tXaM052bYxmCyA', u'c8fe_OSF2vFsOuF4wfEuFw', u'BNfCGiZJDxyqGIGmADom6g', u'BgZ_AUOwRUZuepItzCQkjQ', u'ZBq7TGkAb1OpM1lmI_AaYg', u'dvM-dO8j0DD38DV8VepavQ', u'-FZBTkAZEXoP7CYvRV2ZwQ', u'BtyMYPji_RYxPjq6rW0J3Q', u'3tCCjRLxIsQB7vdhzBCiXw', u'31b8_g6LPYEOE5oOcj530w', u'MWtsoRxUoZNdsyNfxcJ90w', u'4M2DzVSgWXrOuYgTs0tVaA', u'3wB-JjsUjkvdNUDRnChsVg', u'-tDI3_SdXH6qODi_fQfJew', u'PrtPl6dhYwQA5jujYUmXng', u'Pn7isO6sB4-J8PYWfxbiRg', u'vjgEy_BxcGr2pNB9FrEOhg', u'nxWrhF_hyX0wwjrEkQX8uQ', u'TW2CVBNc-zcH13a-GXbbSA', u'QLJZi15sHhrhXo79kzZMOQ', u'_0UuwPfs6Ldn31JvK_CAwg', u'2wMQjRPY-YL2AevXfSdKKA', u'FOZjzLYfA3pe6c0Gbh3V5A', u'WWnhqRnWWjutMqh-2SzEuQ', u'Iq758obXLxnuO4tqkoX5cQ', u'xwew2JxSWsp3wCQY79xFsQ', u'6ZC-0LfOAGwaFc5XPke74w', u'4AWdHg84WG25DWAnvje2Eg', u'sUUvQf1Euu3Xq-p1uzmw_w', u'6uZLESzRHy9MSivVX22XpQ', u'zLVe1EBr9If9mAU8MICecA', u'Id1NgFp0uZlupKK5strv1w', u'aJ35yaTiUt-mEAf1v0fESQ', u'm6OZG66JPXVIZRkqm6reDg', u'UhFkELWiwnAmLJ8DNuaVwg', u'd8_DhzMGHeU5SCAqfJX6cA', u'eHL7CYScbwe9FgK1MGlXSQ', u'Z1GkmmyhHAG8Q1e_QEOGgw', u'S7VG3vBUtJDLKX_ewbc15A', u'Tuq59VSdqnCmotr_910JoQ', u'rLjFbA_E3GLrBIKN-in-Qw', u'Q7KzEBLSJLYdsfrHxQEQaQ', u'lZ0BZ7NWLBK5XgCQUA1ICA', u'hpUHpepQA51i64GNyThjrw', u'WCL8pGIIPL5yQxuXpWkkcQ', u'vGA_jq6fF25SvLkIC1L3cw', u'PYZzrCWFo5kubqtYgAC6ag', u'6bSW9ibZQQaZcXIvGUhX5A', u'dad6v9R0G3NpJaD2oGpMyQ', u'N1XilQLBxA0pVrl9vMNTFQ', u'zy2kP-RdV78yKbF7eTJclQ', u'oOtv-bvAVyjpdMjhfdnYHQ', u'GieL1eE0PVRvAG-wpF6OYA', u'jmKFWlkPLMzmaGJoXvgacw', u'BZWDlsoSLTOB1bA0cCszIg', u'oyXIV-9GRBBZrFydPCaR2w', u'H7odauChAO0v79cGv3cnew', u'LeH5KeH7_JNMnndG89wUAg', u'8dWVRK9v6TrhD-63TTEoIw', u'jXxMZtb-Yeo8IVXAE2GDtQ', u'DHdSHpIwH8jKnjkCLxxFhQ', u'qgXcgfdrk5tzmLBq4_h6mQ', u't3Z7oGkGRX0TIrLBNPXRIg', u'IsoO_plL8KWx_m7B1OY_ZA', u'jBgixwMpqbx4I_-I7WWFxg', u'_d6ghMpGvKOlY7jNcV22_w', u'PAx6EkkOO19tvNtjuBzVgw', u'0l9iPPUmYc8mtqH35fWINg', u'71wP0DkBiF3_030M9rM3WA', u't5LuHV1AXD0Vhqb9Ke8CcA', u'7zphSXBrxDGChNlNkoGSng', u'QXKetl53NLKlPqONqMjEdQ', u'GmQPLhAj7NMbhUf766-uiQ', u'FoUE_HhA8YJSkmPPScWPVA', u'_UINu0z7doRN3LfD7y0QeA', u'qhhbX_ironUKz3LS_EoRyA', u'OvqGrHDzJGSf4BhaXIrORw', u'OPT_4-lFH5JDO_CC6M9rlQ', u'fhWbnHmgapms71SJkymuHw', u'JtODPRNhXBhJcebwIvd-8Q', u'1RepYp-4PKk2sVh1pBkJNw', u'EPK4_bIsyVlrlsLH3RClEQ', u'jyhu6sjiY-6VEd0SEAYEMQ', u'P8zVSWaz1sKVpSr0adPsaQ', u'71Wr1wN4c7fSlfbKfKZlhw', u'Tjjfz0HuXrlPq8vkTtqGmA', u'tPwEflo7GLfzyfanC5b-mg', u'z264ZvvdZUdVPWhdURkvsQ', u'TEOafAbgew1Sr52np_7saw', u'HdR_dn-x2KRJnUgWz2ExDw', u'xrtHHJThF8UCA1HVlbKrSw', u'rFn3Xe3RqHxRSxWOU19Gpg', u'JlSjKZZoPqi_zwvadUDDrQ', u'dtfAiIevIjeLuz8gzqQrZQ', u'IDl8QswIXwI6Fr6KW3TbRw', u'oSq0NKO2x_DEllpua-xgrQ', u'c2cPbYj-9lpy-aou4OkhdA', u'fuFTM3cCL8HBapThSNcxNQ', u'Jeq6e3dtkxg9mt3vCcIW1A', u'NrS5LO4soEoG7zxsI4r8Ow', u'7NV6kcM2Mq5qY1drWD7LIg', u'81fw5B_4GDlL0hK-XMEoew', u'50E4V4-bn-6tpVpgMh15cg', u'p6q4zN2Mh5obDs3zDOW6_w', u'zZA30sSQb-FrUsSsP2dq3g', u'1kMQARTShZEGn_-2KL6_Cw', u'5mopRBmXPGqnc9PKSpXTuQ', u'6llKCAZK_eDHHQKw41ZdFA', u'my9WgfWiUD25vDwbP8TKvQ', u'dfgPj43FVRnKIfxjLclqTQ', u'3TJcP0stfxjWGsLuGQgQdg', u'vifi47P_YrTHyKfiM5Vo8w', u'2pyu8gjsXil8BAWcAkrIFQ', u'349hejKF9eoziW377EMvSA', u'XUPCISegtdvFohErehPa6Q', u'i1eBmE8Nl-otPQyLsgiMxw', u'DD1x3x4vRqSXJcn3GfjKgg', u'xWXNtUf7vL47oCfJetnK6A', u'Z24pc_6NOIpXRaGs9V-DLw', u'9RDs7PBhsbtA9uT8S9SMSQ', u'Of1r-R-YxH6Mw5NSKfzRng', u'h2fY3whXz6hNRRdRB2T1CA', u'xJ-fD3JJw6BsLsqBsgJiCA', u'4kl-nYP2HvdmRmPJYk7Mcw', u'x4K8vFsvWt0ifSZ3n05p9w', u'xUA8uhSreDk8000tL5vMHA', u'r2yT9tP_jpYROAnfzBbFLA', u'l2j-IjvFvcrDothRJpqdAQ', u'xq7OxgnkGv3KH-khRKIM8A', u'NM0HnT9dpWHMo38uDZUrgA', u'bMvyfWmps1Cc_AOgZLCZrg', u'Dx99mL9P62rVdRBKTSssIw', u'tguHoB13hDlghkFDtpg1aw', u'rvm9pL8a5LBxG9M-i5ILRw', u'QYIUhCnnXD4aTdE2lUQW8Q', u'xK1R87Sf4dVbQJhgWlJAvg', u'yES3Q0Xvn0hGrlG7EqDeBw', u'uDrS3Z0xVSNYtvVskPKrRQ', u'75z9W54jqv3ngahQkcozGQ', u'dQH_TmZR4eRAb8tAXYBoEw', u'Wd4FRRD30avk-Mj6C_O2ow', u'xy6zsdRC_yVcs22AysA9DA', u'2oiPE2rww3Ofw09aishi2A', u'N7HNCaNcXpVrc2XeV2hwWQ', u'F6riNizl0Bj_ZClciU8cYQ', u'j14ORfcGTD2LQD525UfEKA', u'LsNbyZk5DWfrvo_3mlK7cQ', u'lTCAOUp0gvpw8E6iYXegMg', u'ayG-2gFD_I2QgO1Zcw9IQg', u'Gg82TWNoF9aZIJLTcHpZ7Q', u'aQKV6bEb8-XuM0oWYR4EVg', u'-XwPpj2ImTD6hNvYfZsXBQ', u'J_B8GhCZyj-a_dYYh9V7Og', u'azlpIzw9ExQiQ1Nv_3lPOQ', u'kwjvKdxddaxQ178UdfOAbg', u'tYBnoUfr4x0tpXECgCB2xg', u'1I4riYl-6tDsPKIMlnhNEg', u'eHq71xA9RrkpMVyc-kQrrA', u'dJ2UqcangB4CDYSdbuFW3g', u'4A12Ab1fCW70xkcp4Q1DPQ', u'_5ZU2jXJbffdKb7p1RvVfQ', u'nQcFlTuSBsOfGg43SdloZw', u'qlfoem7ienWooNro6ZhrLw', u'Nvd8eSDusKdfNinR1Ym8vA', u'wZMS_PogmM77_9gpUtPL7g', u'eigZw_Tn4TWJPSZ9UO9Auw', u'twyo-OB2hTKaUDp8IQn_mg', u'qwd2BxYBIz7BgMH6y6G14Q', u'MfknWfoPx2oilsyUK3kekA', u'QlsNUOnzZilpMpIyehABqw', u'T-KMCaQDhuEAKKHXzIXdAg', u'hSNMUzk86SuPBVlVAqVPLA', u'FUzchbSUZSdjFV-NkdXf8g', u'kxwch7EyLcfoRzLctQGsmw', u'gftj0lerdgQ9DTJwj0jg-w', u'N2naWtFZ8_sBYoSKF83LtQ', u'fJlCRA7zVRW2zcuKGUhCMA', u'5NuUJ6X00hGIN5_EvIrbdg', u'W7o-AY6Hpyb5WkgxwGH_Yw', u'ZMRyPQb_c0QAhL7wc6DfWQ', u'uvYzmeegLOMrhXVv3FWAtw', u'Lc4f4fe5HRHYHNBKkJtVJQ', u'Z3AYjHqiFJccwaR9qUeOHQ', u'jLZEHzmijaHQqasNL2zA-w', u'uAAMHLwYo_fubqwHxeoMgg', u'Hza-V0pDc-GJ2GgQOxQYFg', u'RkfQX8dSJNzkAAItX326Og', u'r3efcEywbG9WPorAtNx2Ug', u'UuvaKh68-rYqEFp_JlSLNA', u'gdAm-Fag-vtwLgOpC_2Viw', u'1jX-fqm2kuydmVfoCnA79Q', u'FvMFcRhZu9nuosLGyrSyhQ', u'KFy8JHIOvgd6XDetjsIfdA', u'6SF4ZZ_Y_4us6Mcec8UYSQ', u'0FEDnjF6aT41ibFUWVF7eg', u'vARpt4o6zdgcm9WGJeWeTg', u'-OYSTxK3XZjcfZkhPLU0cA', u'rzQQ8_40hPNV89lJBA3SbA', u'KFA18FIjmMkqwwaRTn8EaQ', u'yrljVcTaj7UOqBf2pPvpRw', u'eSlOI3GhroEtcbaD_nFXJQ', u'0WINtEUo_ee7F0rXAMR64A', u'q_B6xxNEtI09trsrELJk2Q', u'Lz_wwo1EFL45ccvGKJ7baQ', u'3_F2XOGGE8gY3atNqsCIPw', u'uKxUtSvo1An9d1xbQOiidA', u'6MzrawMtc3eTTU6yOUUhoQ', u'DmdksmfNKLV50R-8Rz5FgQ', u'l8GgAENKACWSQwELE8Czyw', u'QMqSgBqSrlRhz2B0UiORjw', u'QoWdnFp7BdczCw-Ue9Taew', u'hxVs5ps-zxaD2BwJ8rwZVA', u'PdmJ8Wiw8IqBUBWHY8tNmA', u'xhWMXLF_LFag6e5RzogjWA', u'deL6e_z9xqZTIODKqnvRXQ', u'4x3x0oGs9gcHCoQpqoI9hw', u'1gG5TF6qsrtnh2wTwZzGoQ', u'MgSpME5nDyASqgz3SHQMCw', u'DsIqpJXyJZFxTjWppdIFpg', u'nmQzx7w7omaGC8NoN9qFXg', u'wZPizeBxMAyOSl0M0zuCjg', u'aRMCkrBuSnDE2vnIec2ahA', u'rxsmORaQjBRMd8GDSECl9A', u't9bZmqQcgochVP_Qao2ZVQ', u'ZDEZyPUDqxO9ww4Yf7pi0g', u'7an-zIbFKvGxjpeNN9H9ow', u'sZXEY0gev2TtwWObMdrmDQ', u'Y9LH7kmYF9NyqYA3DadReA', u'wq50a8p7RuVUSCCOaiuzIg', u's2dyLYsiQnZZswTukM7hzA', u'ZraFaoEWTJo97cv8911GQQ', u'Cvvu2V_FO3FjxIHpartSMg', u'NrFmiqXWBDOYgQD_Mnynag', u'o1_sfJ71nrq5QrF00v3Icw', u'aJTRnZZ7NUKC7CsXjNmkSg', u'6YDza-GQ4EJwnealB0BHEg', u'_-ic8VIRTDdyE05jl2cxbA', u'M9JDlUWudvrGkLX7AkJ3Fw', u'P098vto93HTEO5TWFCrK0Q', u'J-DWUvycMO3uQzDXZzNN8A', u'Io1Dahr534W6dB2VMj-MPA', u'LiOwWFRCbm_Y85jS82z0sQ', u'UagAt_5tmj-GxiJzGS_rIg', u'gNeLNLGGLdG2ae37hNypAw', u'g1Xk7fgFK8DFJN4dJUvrAg', u'ZDTBu2ZSPh8UGrWH6VaSOg', u'MWmIKAzfaZ51Ogl5gH1c9g', u'0bAakLkgWx-nvS4GOCYG5A', u'OE4_2LXNVny39B5CHQUvVA', u'U1wuIgeyJaqTpHag5UYggA', u'3NnPbhmv_vEfPTBp2pnn9Q', u'xsT4KZTu_KnOVavtuXn4RA', u'Wi7gOg7R_f111rcQsW7QkQ', u'tl0fetcUABXv2fAOXUf7ZA', u'9Ug7xmemw23UEqPrUjJHrw', u'6WAQWuoj6rNbBAY_aPjBpg', u'C5QsUsQg5I3dMdLM02SXGA', u'AmuC7Z76M_aUzbpZRAcxrg', u'QWuuus00HTm1BVFwJ9iYyA', u'nc4ITzh43pPv3Tix1a4LHQ', u'4ZfcCa4m5RWvO4EFzfYm1A', u'c-c64rURhBR8V8scSbwo7Q', u'gEuBdWhhBbhIZynuUFgLjQ', u'IS9yw8P2uAPBX6FNLLX4KA', u'KNbNarTWCWEMTEQbKZJKHQ']",0,0,0,0,NA
5,-115.15292,36.15866,Yes,No,Yes,casual,No,Yes,No,No,Yes,No,full_bar,No,No,Yes,No,Yes,Yes,Yes,Yes,No,"['Bar', 'British']",4.5,-2B2IvlW-OZxKZ4hZ1LyUQ,5,8/12/2014,0,review,0,1 0,0,0,0,0,0,1,[u'None'],0,user,0,0,0,0,5,0,[u'None'],0,0,0,0,NA
6,-115.17051,36.10885,Yes,No,Yes,casual,No,Yes,No,Yes,Yes,No,full_bar,No,No,Yes,Yes,Yes,Yes,Yes,Yes,No,"['American', 'Bar']",3.5,-5al0G4AUrJsf9eUj98OdQ,3,8/28/2016,0,review,0,1 0,0,0,0,0,0,3,[u'None'],0,user,0,0,0,0,3,0,[u'None'],0,0,0,0,NA
7,-111.92239,33.50101,Yes,No,Yes,casual,No,Yes,No,No,Yes,Outdoor,full_bar,No,No,Yes,Yes,Yes,Yes,Yes,Yes,No,"['Deli', 'American', 'Bar', 'Whiskey Bar']",3.5,#NAME?,4,11/2/2016,0,review,0,1 0,0,0,0,0,0,1,[u'None'],0,user,0,0,0,0,4,0,[u'None'],0,0,0,0,NA
8,-115.1739,36.10975,Yes,No,No,casual,No,Yes,No,Yes,Yes,No,full_bar,Yes,No,Yes,No,Yes,Yes,Yes,Yes,No,"['Burgers', 'American', 'Bar']",4,#NAME?,5,10/1/2015,0,review,0,1 0,0,0,0,0,0,4,[u'None'],0,user,0,0,0,0,5,0,[u'None'],0,0,0,0,NA
9,-80.00258,40.44029,Yes,No,Yes,casual,No,Yes,No,Yes,Yes,No,full_bar,No,No,Yes,Yes,Yes,Yes,No,Yes,No,"['Deli', 'Sports Bar', 'American', 'Bar']",4,#NAME?,5,12/21/2016,0,review,0,1 0,0,0,0,0,0,1,[u'None'],0,user,0,0,0,0,5,0,[u'None'],0,0,0,0,NA
10,-115.17387,36.10975,Yes,No,No,casual,No,Yes,No,Yes,Yes,No,full_bar,Yes,No,Yes,No,Yes,Yes,Yes,Yes,No,"['Burgers', 'American', 'Bar']",4,#NAME?,4,1/25/2015,0,review,0,1 0,0,0,0,0,0,1,[u'None'],0,user,0,0,0,0,4,0,[u'None'],0,0,0,0,NA
11,-111.9425,33.42065,Yes,No,Yes,hipster,No,Yes,No,No,Yes,Outdoor,full_bar,No,Yes,Yes,Yes,Yes,Yes,No,Yes,No,"['Irish', 'Bar', 'Seafood']",4,#NAME?,5,1/4/2016,0,review,0,1 0,0,0,0,0,0,1,[u'None'],0,user,0,0,0,0,5,0,[u'None'],0,0,0,0,NA
12,-111.78973,33.35496,Yes,No,Yes,casual,No,Yes,No,Yes,Yes,No,full_bar,No,Yes,Yes,Yes,Yes,Yes,Yes,Yes,No,"['Bar', 'Mexican']",4,#NAME?,5,4/2/2016,0,review,0,1 0,0,0,0,0,0,1,[u'None'],0,user,0,0,0,0,5,0,[u'None'],0,0,0,0,NA
